Date,Open,High,Low,Close,Adj Close,Volume
1/31/2000,1409.280029,1435.910034,1398.52002,1424.369995,1424.369995,3230200000
2/7/2000,1424.369995,1444.550049,1378.890015,1387.119995,1387.119995,5100800000
2/14/2000,1387.119995,1407.719971,1345.319946,1346.089966,1346.089966,5115300000
2/21/2000,1346.089966,1370.109985,1329.150024,1333.359985,1333.359985,4253900000
2/28/2000,1333.359985,1410.880005,1325.069946,1409.170044,1409.170044,5853800000
3/6/2000,1409.170044,1413.459961,1346.619995,1395.069946,1395.069946,5807900000
3/13/2000,1395.069946,1477.329956,1356.98999,1464.469971,1464.469971,6190300000
3/20/2000,1464.469971,1552.869995,1446.060059,1527.459961,1527.459961,5192200000
3/27/2000,1527.459961,1534.630005,1474.630005,1498.579956,1498.579956,5342800000
4/3/2000,1498.579956,1526.449951,1416.410034,1516.349976,1516.349976,5547060000
4/10/2000,1516.349976,1527.189941,1339.400024,1356.560059,1356.560059,5312700000
4/17/2000,1356.560059,1447.689941,1346.5,1434.540039,1434.540039,4211700000
4/24/2000,1434.540039,1482.939941,1407.130005,1452.430054,1452.430054,5035000000
5/1/2000,1452.430054,1481.51001,1398.359985,1432.630005,1432.630005,4700700000
5/8/2000,1432.630005,1432.630005,1375.140015,1420.959961,1420.959961,4502400000
5/15/2000,1420.959961,1470.400024,1401.73999,1406.949951,1406.949951,4292200000
5/22/2000,1406.949951,1411.650024,1361.089966,1378.02002,1378.02002,4598300000
5/29/2000,1378.02002,1483.22998,1378.02002,1477.26001,1477.26001,3927200000
6/5/2000,1477.26001,1477.280029,1454.73999,1456.949951,1456.949951,4283600000
6/12/2000,1456.949951,1483.619995,1442.380005,1464.459961,1464.459961,4901900000
6/19/2000,1464.459961,1488.930054,1438.310059,1441.47998,1441.47998,4833100000
6/26/2000,1441.47998,1467.630005,1434.630005,1454.599976,1454.599976,5597200000
7/3/2000,1454.599976,1484.119995,1439.560059,1478.900024,1478.900024,3350200000
7/10/2000,1478.900024,1509.98999,1470.47998,1509.97998,1509.97998,4807800000
7/17/2000,1509.97998,1517.319946,1477.910034,1480.189941,1480.189941,4756600000
7/24/2000,1480.189941,1485.880005,1413.890015,1419.890015,1419.890015,5221900000
7/31/2000,1419.890015,1462.930054,1418.709961,1462.930054,1462.930054,4937400000
8/7/2000,1462.930054,1490.329956,1453.060059,1471.839966,1471.839966,4677300000
8/14/2000,1471.839966,1499.469971,1468.560059,1491.719971,1491.719971,4353300000
8/21/2000,1491.719971,1513.469971,1489.52002,1506.449951,1506.449951,3944100000
8/28/2000,1506.449951,1530.089966,1500.089966,1520.77002,1520.77002,4171900000
9/4/2000,1520.77002,1520.77002,1489.880005,1494.5,1494.5,3780100000
9/11/2000,1494.5,1506.76001,1460.219971,1465.810059,1465.810059,5241200000
9/18/2000,1465.810059,1467.77002,1421.880005,1448.719971,1448.719971,5382300000
9/25/2000,1448.719971,1461.689941,1419.439941,1436.51001,1436.51001,5667000000
10/2/2000,1436.52002,1454.819946,1397.060059,1408.98999,1408.98999,5642900000
10/9/2000,1408.98999,1409.689941,1327.079956,1374.170044,1374.170044,5760600000
10/16/2000,1374.170044,1408.469971,1305.790039,1396.930054,1396.930054,6083900000
10/23/2000,1396.930054,1415.640015,1337.810059,1379.579956,1379.579956,5911100000
10/30/2000,1379.579956,1433.400024,1376.859985,1426.689941,1426.689941,5925100000
11/6/2000,1428.76001,1438.459961,1365.969971,1365.97998,1365.97998,4794600000
11/13/2000,1365.97998,1395.959961,1328.619995,1367.719971,1367.719971,5341600000
11/20/2000,1367.719971,1367.719971,1321.890015,1341.77002,1341.77002,3460970000
11/27/2000,1341.77002,1362.5,1294.900024,1315.22998,1315.22998,4758130000
12/4/2000,1315.180054,1380.329956,1310.22998,1369.890015,1369.890015,5888900000
12/11/2000,1369.890015,1389.050049,1305.380005,1312.150024,1312.150024,6103300000
12/18/2000,1312.150024,1346.439941,1254.069946,1305.949951,1305.949951,6473400000
12/25/2000,1305.969971,1340.099976,1301.640015,1320.280029,1320.280029,3950000000
1/1/2001,1320.280029,1350.23999,1274.619995,1298.349976,1298.349976,6571900000
1/8/2001,1298.349976,1333.209961,1276.290039,1318.550049,1318.550049,6290500000
1/15/2001,1318.319946,1354.550049,1313.329956,1342.540039,1342.540039,5407600000
1/22/2001,1342.540039,1369.75,1333.839966,1354.949951,1354.949951,6061600000
1/29/2001,1354.920044,1383.369995,1348.719971,1349.469971,1349.469971,5665400000
2/5/2001,1349.469971,1363.550049,1309.97998,1314.76001,1314.76001,5413600000
2/12/2001,1314.76001,1336.619995,1293.180054,1301.530029,1301.530029,5675500000
2/19/2001,1301.530029,1307.160034,1215.439941,1245.859985,1245.859985,4917900000
2/26/2001,1245.859985,1272.76001,1214.5,1234.180054,1234.180054,6059100000
3/5/2001,1234.180054,1267.420044,1228.420044,1233.420044,1233.420044,5353200000
3/12/2001,1233.420044,1233.420044,1148.640015,1150.530029,1150.530029,6790360000
3/19/2001,1150.530029,1180.560059,1081.189941,1139.829956,1139.829956,6797250000
3/26/2001,1139.829956,1183.349976,1136.26001,1160.329956,1160.329956,6276900000
4/2/2001,1160.329956,1169.51001,1091.98999,1128.430054,1128.430054,6701390000
4/9/2001,1128.430054,1183.51001,1126.380005,1183.5,1183.5,4804700000
4/16/2001,1183.5,1253.709961,1167.380005,1242.97998,1242.97998,6767900000
4/23/2001,1242.97998,1253.069946,1207.380005,1253.050049,1253.050049,5869200000
4/30/2001,1253.050049,1272.930054,1232,1266.609985,1266.609985,6010300000
5/7/2001,1266.609985,1270,1240.790039,1245.670044,1245.670044,5050600000
5/14/2001,1245.670044,1296.47998,1241.02002,1291.959961,1291.959961,5821700000
5/21/2001,1291.959961,1315.930054,1276.420044,1277.890015,1277.890015,5498900000
5/28/2001,1277.890015,1278.420044,1245.959961,1260.670044,1260.670044,4426200000
6/4/2001,1260.670044,1286.619995,1256.359985,1264.959961,1264.959961,4831000000
6/11/2001,1264.959961,1264.959961,1203.030029,1214.359985,1214.359985,5948650000
6/18/2001,1214.359985,1240.23999,1207.709961,1225.349976,1225.349976,6382620000
6/25/2001,1225.349976,1237.290039,1204.640015,1224.380005,1224.380005,6570760000
7/2/2001,1224.420044,1239.780029,1188.73999,1190.589966,1190.589966,3742010000
7/9/2001,1190.589966,1218.540039,1168.459961,1215.680054,1215.680054,6209300000
7/16/2001,1215.680054,1225.040039,1196.140015,1210.849976,1210.849976,6108600000
7/23/2001,1210.849976,1215.219971,1165.540039,1205.819946,1205.819946,5695500000
7/30/2001,1205.819946,1226.27002,1200.410034,1214.349976,1214.349976,5536800000
8/6/2001,1214.349976,1214.349976,1169.550049,1190.160034,1190.160034,5013400000
8/13/2001,1190.160034,1198.790039,1156.069946,1161.969971,1161.969971,4897500000
8/20/2001,1161.969971,1185.150024,1153.339966,1184.930054,1184.930054,5079300000
8/27/2001,1184.930054,1186.849976,1124.869995,1133.579956,1133.579956,4870500000
9/3/2001,1133.579956,1155.400024,1082.119995,1085.780029,1085.780029,5346800000
9/10/2001,1085.780029,1096.939941,1073.150024,1092.540039,1092.540039,1276600000
9/17/2001,1092.540039,1092.540039,944.75,965.799988,965.799988,10423890000
9/24/2001,965.799988,1040.939941,965.799988,1040.939941,1040.939941,7978000000
10/1/2001,1040.939941,1084.119995,1026.76001,1071.380005,1071.380005,7026800000
10/8/2001,1071.369995,1099.160034,1052.76001,1091.650024,1091.650024,6555180000
10/15/2001,1091.650024,1107.119995,1057.23999,1073.47998,1073.47998,6245200000
10/22/2001,1073.47998,1110.609985,1065.640015,1104.609985,1104.609985,6368100000
10/29/2001,1104.609985,1104.609985,1053.609985,1087.199951,1087.199951,6195300000
11/5/2001,1087.199951,1135.75,1087.199951,1120.310059,1120.310059,6646300000
11/12/2001,1120.310059,1148.280029,1098.319946,1138.650024,1138.650024,6597000000
11/19/2001,1138.650024,1152.449951,1129.780029,1150.339966,1150.339966,4086600000
11/26/2001,1150.339966,1163.380005,1125.51001,1139.449951,1139.449951,6560800000
12/3/2001,1139.449951,1173.619995,1125.780029,1158.310059,1158.310059,7022800000
12/10/2001,1158.310059,1158.310059,1114.530029,1123.089966,1123.089966,6853900000
12/17/2001,1123.089966,1152.439941,1122.660034,1144.890015,1144.890015,7283800000
12/24/2001,1144.890015,1164.640015,1144.619995,1161.02002,1161.02002,3024470000
12/31/2001,1161.02002,1176.550049,1136.22998,1172.51001,1172.51001,5026500000
1/7/2002,1172.51001,1176.969971,1145.449951,1145.599976,1145.599976,6530000000
1/14/2002,1145.599976,1148.810059,1124.449951,1127.579956,1127.579956,6869200000
1/21/2002,1127.579956,1139.5,1117.430054,1133.280029,1133.280029,5688700000
1/28/2002,1133.280029,1138.630005,1081.660034,1122.199951,1122.199951,7942600000
2/4/2002,1122.199951,1122.199951,1077.780029,1096.219971,1096.219971,7695200000
2/11/2002,1096.219971,1124.719971,1094.680054,1104.180054,1104.180054,6101200000
2/18/2002,1104.180054,1104.180054,1074.359985,1089.839966,1089.839966,5421400000
2/25/2002,1089.839966,1131.790039,1089.839966,1131.780029,1131.780029,6919100000
3/4/2002,1131.780029,1172.76001,1130.930054,1164.310059,1164.310059,7614300000
3/11/2002,1164.310059,1173.030029,1151.01001,1166.160034,1166.160034,6571300000
3/18/2002,1166.160034,1173.939941,1139.47998,1148.699951,1148.699951,6311900000
3/25/2002,1148.699951,1154.449951,1131.609985,1147.390015,1147.390015,4609200000
4/1/2002,1147.390015,1147.839966,1119.48999,1122.72998,1122.72998,5841300000
4/8/2002,1122.72998,1131.76001,1102.420044,1111.01001,1111.01001,6566300000
4/15/2002,1111.01001,1133,1099.410034,1125.170044,1125.170044,6382900000
4/22/2002,1125.170044,1125.170044,1076.310059,1076.319946,1076.319946,6835100000
4/29/2002,1076.319946,1091.420044,1063.459961,1073.430054,1073.430054,7043200000
5/6/2002,1073.430054,1088.920044,1048.959961,1054.98999,1054.98999,6304200000
5/13/2002,1054.98999,1106.589966,1053.900024,1106.589966,1106.589966,6454300000
5/20/2002,1106.589966,1106.589966,1075.640015,1083.819946,1083.819946,5404900000
5/27/2002,1083.819946,1085.97998,1054.26001,1067.140015,1067.140015,4642200000
6/3/2002,1067.140015,1070.73999,1012.48999,1027.530029,1027.530029,7033800000
6/10/2002,1027.530029,1039.040039,981.630005,1007.27002,1007.27002,7188820000
6/17/2002,1007.27002,1040.829956,985.650024,989.140015,989.140015,6652700000
6/24/2002,989.140015,1005.880005,952.919983,989.820007,989.820007,9106190000
7/1/2002,989.820007,994.460022,934.869995,989.030029,989.030029,5475700000
7/8/2002,989.030029,993.559998,900.940002,921.390015,921.390015,8038080000
7/15/2002,921.390015,926.52002,842.070007,847.75,847.75,11375400000
7/22/2002,847.76001,854.130005,775.679993,852.840027,852.840027,11685440000
7/29/2002,852.840027,911.640015,852.840027,864.23999,864.23999,8864400000
8/5/2002,864.23999,913.950012,833.440002,908.640015,908.640015,7371600000
8/12/2002,908.640015,935.380005,876.200012,928.77002,928.77002,6638400000
8/19/2002,928.77002,965,927.210022,940.859985,940.859985,6405900000
8/26/2002,940.859985,955.820007,903.330017,916.070007,916.070007,5672200000
9/2/2002,916.070007,916.070007,870.5,893.919983,893.919983,5247700000
9/9/2002,893.919983,924.02002,877.049988,889.809998,889.809998,5626200000
9/16/2002,889.809998,902.679993,839.090027,845.390015,845.390015,7267800000
9/23/2002,845.390015,856.599976,817.380005,827.369995,827.369995,7860140000
9/30/2002,827.369995,851.929993,794.099976,800.580017,800.580017,8682100000
10/7/2002,800.580017,843.27002,768.630005,835.320007,835.320007,9344320000
10/14/2002,835.320007,886.679993,828.369995,884.390015,884.390015,7944790000
10/21/2002,884.390015,902.940002,873.059998,897.650024,897.650024,7631070000
10/28/2002,897.650024,907.440002,867.909973,900.960022,900.960022,7426300000
11/4/2002,900.960022,925.659973,891.619995,894.73999,894.73999,7587400000
11/11/2002,894.73999,910.210022,872.049988,909.830017,909.830017,6872600000
11/18/2002,909.830017,937.280029,893.090027,930.549988,930.549988,8179200000
11/25/2002,930.549988,941.820007,912.099976,936.309998,936.309998,5111360000
12/2/2002,936.309998,954.280029,895.960022,912.22998,912.22998,7180600000
12/9/2002,912.22998,912.22998,888.47998,889.47998,889.47998,6478600000
12/16/2002,889.47998,911.219971,880.320007,895.76001,895.76001,7138230000
12/23/2002,895.73999,903.890015,873.619995,875.400024,875.400024,3049910000
12/30/2002,875.400024,911.25,869.450012,908.590027,908.590027,4506300000
1/6/2003,908.590027,932.890015,908.320007,927.570007,927.570007,7494400000
1/13/2003,927.570007,935.049988,899.02002,901.780029,901.780029,7100600000
1/20/2003,901.780029,906,859.710022,861.400024,861.400024,6215350000
1/27/2003,861.400024,868.719971,840.340027,855.700012,855.700012,7579230000
2/3/2003,855.700012,864.640015,826.700012,829.690002,829.690002,6868600000
2/10/2003,829.690002,843.02002,806.289978,834.890015,834.890015,6699600000
2/17/2003,834.890015,852.869995,831.47998,848.169983,848.169983,4918700000
2/24/2003,848.169983,848.169983,818.539978,841.150024,841.150024,6748400000
3/3/2003,841.150024,852.340027,811.22998,828.890015,828.890015,6465900000
3/10/2003,828.890015,841.390015,788.900024,833.27002,833.27002,7660900000
3/17/2003,833.27002,895.900024,827.169983,895.789978,895.789978,8051730000
3/24/2003,895.789978,895.789978,858.090027,863.5,863.5,6406000000
3/31/2003,863.5,885.890015,843.679993,878.849976,878.849976,7127600000
4/7/2003,878.849976,904.890015,862.76001,868.299988,868.299988,6440000000
4/14/2003,868.299988,896.77002,868.299988,893.580017,893.580017,5609400000
4/21/2003,893.580017,919.73999,886.700012,898.809998,898.809998,7401000000
4/28/2003,898.809998,930.559998,898.809998,930.080017,930.080017,7538910000
5/5/2003,930.080017,939.609985,919.719971,933.409973,933.409973,7333500000
5/12/2003,933.409973,948.650024,929.299988,944.299988,944.299988,7212900000
5/19/2003,944.299988,944.299988,912.049988,933.219971,933.219971,6988300000
5/26/2003,933.219971,965.380005,927.330017,963.590027,963.590027,6465600000
6/2/2003,963.590027,1007.690002,963.590027,987.76001,987.76001,8261700000
6/9/2003,987.76001,1002.73999,972.590027,988.609985,988.609985,6927100000
6/16/2003,988.609985,1015.330017,988.609985,995.690002,995.690002,7542600000
6/23/2003,995.690002,995.690002,973.799988,976.219971,976.219971,6900800000
6/30/2003,976.219971,995,962.099976,985.700012,985.700012,5342600000
7/7/2003,985.700012,1010.429993,983.630005,998.140015,998.140015,7291200000
7/14/2003,998.140015,1015.409973,978.599976,993.320007,993.320007,7656100000
7/21/2003,993.320007,998.890015,975.630005,998.679993,998.679993,7013100000
7/28/2003,998.679993,1004.590027,978.859985,980.150024,980.150024,7228000000
8/4/2003,980.150024,985.75,960.840027,977.590027,977.590027,6637300000
8/11/2003,977.590027,992.5,974.210022,990.669983,990.669983,5186470000
8/18/2003,990.669983,1011.01001,990.669983,993.059998,993.059998,6355000000
8/25/2003,993.059998,1008.849976,983.570007,1008.01001,1008.01001,5312100000
9/1/2003,1008.01001,1029.339966,1005.72998,1021.390015,1021.390015,6065200000
9/8/2003,1021.390015,1032.410034,1007.710022,1018.630005,1018.630005,6868800000
9/15/2003,1018.630005,1040.290039,1013.590027,1036.300049,1036.300049,6910110000
9/22/2003,1036.300049,1036.300049,996.080017,996.849976,996.849976,7139000000
9/29/2003,996.849976,1039.310059,990.359985,1029.849976,1029.849976,7363100000
10/6/2003,1029.849976,1048.280029,1026.27002,1038.060059,1038.060059,6254600000
10/13/2003,1038.060059,1053.790039,1036.569946,1039.319946,1039.319946,6603200000
10/20/2003,1039.319946,1048.569946,1018.320007,1028.910034,1028.910034,7342400000
10/27/2003,1028.910034,1053.089966,1028.910034,1050.709961,1050.709961,7692200000
11/3/2003,1050.709961,1062.390015,1044.880005,1053.209961,1053.209961,7092000000
11/10/2003,1053.209961,1063.650024,1043.459961,1050.349976,1050.349976,6494500000
11/17/2003,1050.349976,1050.349976,1031.199951,1035.280029,1035.280029,6655300000
11/24/2003,1035.280029,1060.630005,1035.280029,1058.199951,1058.199951,4221420000
12/1/2003,1058.199951,1074.300049,1058.199951,1061.5,1061.5,6928900000
12/8/2003,1061.5,1074.76001,1053.410034,1074.140015,1074.140015,6792600000
12/15/2003,1074.140015,1091.060059,1068,1088.660034,1088.660034,7747600000
12/22/2003,1088.660034,1098.469971,1086.140015,1095.890015,1095.890015,3271130000
12/29/2003,1095.890015,1118.849976,1095.890015,1108.47998,1108.47998,4252100000
1/5/2004,1108.47998,1131.920044,1108.47998,1121.859985,1121.859985,8366700000
1/12/2004,1121.859985,1139.829956,1115.189941,1139.829956,1139.829956,8036800000
1/19/2004,1139.829956,1150.51001,1134.619995,1141.550049,1141.550049,6710700000
1/26/2004,1141.550049,1155.380005,1122.380005,1131.130005,1131.130005,8552600000
2/2/2004,1131.130005,1142.790039,1124.439941,1142.76001,1142.76001,7755100000
2/9/2004,1142.76001,1158.890015,1138.699951,1145.810059,1145.810059,7200200000
2/16/2004,1145.810059,1158.97998,1139,1144.109985,1144.109985,5821300000
2/23/2004,1144.109985,1151.680054,1134.430054,1144.939941,1144.939941,7209000000
3/1/2004,1144.939941,1163.22998,1143.780029,1156.859985,1156.859985,6971600000
3/8/2004,1156.859985,1159.939941,1105.869995,1120.569946,1120.569946,7680600000
3/15/2004,1120.569946,1125.76001,1102.609985,1109.780029,1109.780029,7418000000
3/22/2004,1109.780029,1115.27002,1087.160034,1108.060059,1108.060059,7229100000
3/29/2004,1108.060059,1144.810059,1108.060059,1141.810059,1141.810059,7488500000
4/5/2004,1141.810059,1150.569946,1134.52002,1139.319946,1139.319946,5470000000
4/12/2004,1139.319946,1147.780029,1120.75,1134.609985,1134.609985,7129800000
4/19/2004,1134.560059,1142.77002,1116.030029,1140.599976,1140.599976,7664300000
4/26/2004,1140.599976,1146.560059,1107.22998,1107.300049,1107.300049,8157900000
5/3/2004,1107.300049,1127.73999,1098.630005,1098.699951,1098.699951,7865600000
5/10/2004,1098.699951,1102.77002,1076.319946,1095.699951,1095.699951,7896800000
5/17/2004,1095.699951,1105.930054,1079.359985,1093.560059,1093.560059,6801300000
5/24/2004,1093.560059,1123.949951,1090.73999,1120.680054,1120.680054,6762700000
5/31/2004,1120.680054,1129.170044,1113.319946,1122.5,1122.5,4837400000
6/7/2004,1122.5,1142.180054,1122.5,1136.469971,1136.469971,4839500000
6/14/2004,1136.469971,1138.959961,1122.160034,1135.02002,1135.02002,6491000000
6/21/2004,1135.02002,1146.339966,1124.369995,1134.430054,1134.430054,7158200000
6/28/2004,1134.430054,1144.199951,1123.060059,1125.380005,1125.380005,6784100000
7/5/2004,1125.380005,1125.380005,1108.719971,1112.810059,1112.810059,5199300000
7/12/2004,1112.810059,1119.599976,1101.069946,1101.390015,1101.390015,6635300000
7/19/2004,1101.390015,1116.27002,1083.560059,1086.199951,1086.199951,7463500000
7/26/2004,1086.199951,1103.72998,1078.780029,1101.719971,1101.719971,7406800000
8/2/2004,1101.719971,1108.599976,1062.22998,1063.969971,1063.969971,6901900000
8/9/2004,1063.969971,1079.040039,1060.719971,1064.800049,1064.800049,6322200000
8/16/2004,1064.800049,1100.26001,1064.800049,1098.349976,1098.349976,6205800000
8/23/2004,1098.349976,1109.680054,1092.819946,1107.77002,1107.77002,5175600000
8/30/2004,1107.77002,1120.800049,1094.719971,1113.630005,1113.630005,5165970000
9/6/2004,1113.630005,1125.26001,1113.619995,1123.920044,1123.920044,5093200000
9/13/2004,1123.920044,1130.140015,1119.819946,1128.550049,1128.550049,6296800000
9/20/2004,1128.550049,1131.540039,1108.050049,1110.109985,1110.109985,6444200000
9/27/2004,1110.109985,1131.640015,1101.290039,1131.5,1131.5,7393200000
10/4/2004,1131.5,1142.050049,1120.189941,1122.140015,1122.140015,7108200000
10/11/2004,1122.140015,1127.01001,1102.060059,1108.199951,1108.199951,6944700000
10/18/2004,1108.199951,1117.959961,1094.25,1095.73999,1095.73999,7939100000
10/25/2004,1095.73999,1131.400024,1090.290039,1130.199951,1130.199951,7936800000
11/1/2004,1130.199951,1170.869995,1127.599976,1166.170044,1166.170044,8329500000
11/8/2004,1166.170044,1184.170044,1162.319946,1184.170044,1184.170044,7238400000
11/15/2004,1184.170044,1188.459961,1169.189941,1170.339966,1170.339966,7485200000
11/22/2004,1170.339966,1186.619995,1167.890015,1182.650024,1182.650024,4475180000
11/29/2004,1182.650024,1197.459961,1172.369995,1191.170044,1191.170044,8046400000
12/6/2004,1191.170044,1192.410034,1173.790039,1188,1188,7481900000
12/13/2004,1188,1207.969971,1188,1194.199951,1194.199951,8805200000
12/20/2004,1194.199951,1213.660034,1193.359985,1210.130005,1210.130005,5253400000
12/27/2004,1210.130005,1217.329956,1204.920044,1211.920044,1211.920044,4447600000
1/3/2005,1211.920044,1217.800049,1182.160034,1186.189941,1186.189941,8017700000
1/10/2005,1186.189941,1194.780029,1175.640015,1184.52002,1184.52002,7387000000
1/17/2005,1184.52002,1195.97998,1167.819946,1167.869995,1167.869995,6431000000
1/24/2005,1167.869995,1177.5,1163.75,1171.359985,1171.359985,7983300000
1/31/2005,1171.359985,1203.469971,1171.359985,1203.030029,1203.030029,8126140000
2/7/2005,1203.030029,1208.380005,1191.540039,1205.300049,1205.300049,7328450000
2/14/2005,1205.300049,1212.439941,1197.349976,1201.589966,1201.589966,7438680000
2/21/2005,1201.589966,1212.150024,1184.160034,1211.369995,1211.369995,6288460000
2/28/2005,1211.369995,1224.76001,1198.130005,1222.119995,1222.119995,8325140000
3/7/2005,1222.119995,1229.109985,1198.150024,1200.079956,1200.079956,7770730000
3/14/2005,1200.079956,1210.540039,1182.780029,1189.650024,1189.650024,8530450000
3/21/2005,1189.650024,1189.650024,1168.699951,1171.420044,1171.420044,7902500000
3/28/2005,1171.420044,1189.800049,1163.689941,1172.920044,1172.920044,10449500000
4/4/2005,1172.790039,1191.880005,1167.719971,1181.199951,1181.199951,9309920000
4/11/2005,1181.199951,1190.170044,1141.920044,1142.619995,1142.619995,10599880000
4/18/2005,1142.619995,1159.949951,1136.150024,1152.119995,1152.119995,10894860000
4/25/2005,1152.119995,1164.800049,1139.189941,1156.849976,1156.849976,10450920000
5/2/2005,1156.849976,1178.619995,1154.709961,1171.349976,1171.349976,10157840000
5/9/2005,1171.349976,1178.869995,1146.180054,1154.050049,1154.050049,9765530000
5/16/2005,1154.050049,1191.219971,1153.640015,1189.280029,1189.280029,9418050000
5/23/2005,1189.280029,1199.560059,1185.959961,1198.780029,1198.780029,8139890000
5/30/2005,1198.780029,1205.640015,1191.030029,1196.02002,1196.02002,7092090000
6/6/2005,1196.02002,1208.849976,1191.089966,1198.109985,1198.109985,8602280000
6/13/2005,1198.109985,1219.550049,1194.51001,1216.959961,1216.959961,9383350000
6/20/2005,1216.959961,1219.589966,1191.449951,1191.569946,1191.569946,9707200000
6/27/2005,1191.569946,1204.069946,1188.300049,1194.439941,1194.439941,8983620000
7/4/2005,1194.439941,1212.72998,1183.550049,1211.859985,1211.859985,7542540000
7/11/2005,1211.859985,1233.160034,1211.859985,1227.920044,1227.920044,9355920000
7/18/2005,1227.920044,1236.560059,1221.130005,1233.680054,1233.680054,9583550000
7/25/2005,1233.680054,1245.150024,1228.150024,1234.180054,1234.180054,9388840000
8/1/2005,1234.180054,1245.859985,1225.619995,1226.420044,1226.420044,9671470000
8/8/2005,1226.420044,1242.689941,1222.670044,1230.390015,1230.390015,9524840000
8/15/2005,1230.400024,1236.23999,1215.930054,1219.709961,1219.709961,8609400000
8/22/2005,1219.709961,1228.959961,1204.22998,1205.099976,1205.099976,8342950000
8/29/2005,1205.099976,1227.290039,1201.069946,1218.02002,1218.02002,9751450000
9/5/2005,1218.02002,1243.130005,1218.02002,1241.47998,1241.47998,7947730000
9/12/2005,1241.47998,1242.599976,1224.849976,1237.910034,1237.910034,11238970000
9/19/2005,1237.910034,1237.910034,1205.349976,1215.290039,1215.290039,11341680000
9/26/2005,1215.290039,1229.569946,1211.109985,1228.810059,1228.810059,10379110000
10/3/2005,1228.810059,1233.339966,1181.920044,1195.900024,1195.900024,11903800000
10/10/2005,1195.900024,1196.52002,1168.199951,1186.569946,1186.569946,11526400000
10/17/2005,1186.569946,1197.300049,1170.550049,1179.589966,1179.589966,12043340000
10/24/2005,1179.589966,1204.01001,1178.890015,1198.410034,1198.410034,11752780000
10/31/2005,1198.410034,1224.699951,1198.410034,1220.140015,1220.140015,12440550000
11/7/2005,1220.140015,1235.699951,1215.050049,1234.719971,1234.719971,10318690000
11/14/2005,1234.719971,1249.579956,1226.410034,1248.27002,1248.27002,11132060000
11/21/2005,1248.27002,1270.640015,1246.900024,1268.25,1268.25,7119110000
11/28/2005,1268.25,1268.439941,1249.390015,1265.079956,1265.079956,11400340000
12/5/2005,1265.079956,1272.890015,1250.910034,1259.369995,1259.369995,10605000000
12/12/2005,1259.369995,1275.800049,1255.52002,1267.319946,1267.319946,11176870000
12/19/2005,1267.319946,1270.51001,1257.209961,1268.660034,1268.660034,9444980000
12/26/2005,1268.660034,1271.829956,1246.589966,1248.290039,1248.290039,5788870000
1/2/2006,1248.290039,1286.089966,1245.73999,1285.449951,1285.449951,9949800000
1/9/2006,1285.449951,1294.900024,1282.780029,1287.609985,1287.609985,11605560000
1/16/2006,1287.609985,1287.790039,1260.920044,1261.48999,1261.48999,9703000000
1/23/2006,1261.48999,1286.380005,1259.420044,1283.719971,1283.719971,12962250000
1/30/2006,1283.719971,1287.939941,1261.02002,1264.030029,1264.030029,12427960000
2/6/2006,1264.030029,1274.560059,1253.609985,1266.98999,1266.98999,11687560000
2/13/2006,1266.98999,1289.469971,1258.339966,1287.23999,1287.23999,10985360000
2/20/2006,1287.23999,1294.170044,1281.329956,1289.430054,1289.430054,8403920000
2/27/2006,1289.430054,1297.569946,1278.660034,1287.22998,1287.22998,11302040000
3/6/2006,1287.22998,1288.22998,1268.420044,1281.420044,1281.420044,11254670000
3/13/2006,1281.579956,1310.449951,1281.579956,1307.25,1307.25,11370400000
3/20/2006,1307.25,1310.880005,1295.810059,1302.949951,1302.949951,10471020000
3/27/2006,1302.949951,1310.150024,1291.839966,1294.869995,1294.869995,10853090000
4/3/2006,1302.880005,1314.069946,1294.180054,1295.5,1295.5,11425910000
4/10/2006,1295.51001,1300.73999,1282.959961,1289.119995,1289.119995,7961240000
4/17/2006,1289.119995,1318.160034,1280.73999,1311.280029,1311.280029,11742950000
4/24/2006,1311.280029,1316.040039,1295.569946,1310.609985,1310.609985,12178330000
5/1/2006,1310.609985,1326.530029,1303.459961,1325.76001,1325.76001,11961950000
5/8/2006,1325.76001,1326.699951,1290.380005,1291.23999,1291.23999,11676630000
5/15/2006,1291.189941,1297.880005,1256.280029,1267.030029,1267.030029,13241860000
5/22/2006,1267.030029,1280.540039,1245.339966,1280.160034,1280.160034,12564040000
5/29/2006,1280.040039,1290.680054,1259.380005,1288.219971,1288.219971,9524050000
6/5/2006,1288.160034,1288.160034,1235.180054,1252.300049,1252.300049,13413080000
6/12/2006,1252.27002,1258.640015,1219.290039,1251.540039,1251.540039,13689640000
6/19/2006,1251.540039,1257.959961,1237.170044,1244.5,1244.5,11276830000
6/26/2006,1244.5,1276.300049,1237.589966,1270.199951,1270.199951,11838010000
7/3/2006,1270.060059,1280.380005,1263.130005,1265.47998,1265.47998,7276850000
7/10/2006,1265.459961,1274.060059,1228.449951,1236.199951,1236.199951,11428770000
7/17/2006,1236.199951,1262.560059,1224.540039,1240.290039,1240.290039,12379810000
7/24/2006,1240.25,1280.420044,1240.25,1278.550049,1278.550049,12801490000
7/31/2006,1278.530029,1292.920044,1265.709961,1279.359985,1279.359985,12859150000
8/7/2006,1279.310059,1283.73999,1261.300049,1266.73999,1266.73999,11465410000
8/14/2006,1266.670044,1302.300049,1266.670044,1302.300049,1302.300049,11498940000
8/21/2006,1302.300049,1302.48999,1289.819946,1295.089966,1295.089966,9159550000
8/28/2006,1295.089966,1312.030029,1293.969971,1311.01001,1311.01001,9764390000
9/4/2006,1310.939941,1314.670044,1292.130005,1298.920044,1298.920044,8903090000
9/11/2006,1298.859985,1324.650024,1290.930054,1319.660034,1319.660034,13444480000
9/18/2006,1319.849976,1328.530029,1310.939941,1314.780029,1314.780029,12049320000
9/25/2006,1314.780029,1340.280029,1311.579956,1335.849976,1335.849976,12804030000
10/2/2006,1335.819946,1353.790039,1327.099976,1349.589966,1349.589966,13197290000
10/9/2006,1349.579956,1366.630005,1343.569946,1365.619995,1365.619995,11829580000
10/16/2006,1365.609985,1372.869995,1356.869995,1368.599976,1368.599976,12630620000
10/23/2006,1368.579956,1389.449951,1363.939941,1377.339966,1377.339966,13562660000
10/30/2006,1377.300049,1381.949951,1360.97998,1364.300049,1364.300049,13460540000
11/6/2006,1364.27002,1388.920044,1364.27002,1380.900024,1380.900024,13287010000
11/13/2006,1380.579956,1403.76001,1378.800049,1401.199951,1401.199951,13806780000
11/20/2006,1401.170044,1407.890015,1397.849976,1400.949951,1400.949951,8214910000
11/27/2006,1400.949951,1406.300049,1377.829956,1396.709961,1396.709961,14949140000
12/4/2006,1396.670044,1418.27002,1396.670044,1409.839966,1409.839966,13430910000
12/11/2006,1409.810059,1431.630005,1404.75,1427.089966,1427.089966,13539610000
12/18/2006,1427.079956,1431.810059,1410.280029,1410.76001,1410.76001,11642830000
12/25/2006,1410.75,1427.719971,1410.449951,1418.300049,1418.300049,6164450000
1/1/2007,1418.030029,1429.420044,1405.75,1409.709961,1409.709961,9353020000
1/8/2007,1409.26001,1431.22998,1403.969971,1430.72998,1430.72998,14110730000
1/15/2007,1430.72998,1435.27002,1424.209961,1430.5,1430.5,10889710000
1/22/2007,1430.469971,1440.689941,1416.959961,1422.180054,1422.180054,13919320000
1/29/2007,1422.030029,1449.329956,1418.459961,1448.390015,1448.390015,13897760000
2/5/2007,1448.329956,1452.98999,1433.439941,1438.060059,1438.060059,13434950000
2/12/2007,1438,1457.969971,1431.439941,1455.540039,1455.540039,12637490000
2/19/2007,1455.530029,1461.569946,1448.359985,1451.189941,1451.189941,9475560000
2/26/2007,1451.040039,1456.949951,1380.869995,1387.170044,1387.170044,17999820000
3/5/2007,1387.109985,1410.150024,1373.969971,1402.839966,1402.839966,15617930000
3/12/2007,1402.800049,1409.339966,1363.97998,1386.949951,1386.949951,16123460000
3/19/2007,1386.949951,1438.890015,1386.949951,1436.109985,1436.109985,14506880000
3/26/2007,1436.109985,1437.650024,1408.900024,1420.859985,1420.859985,14186810000
4/2/2007,1420.829956,1444.880005,1416.369995,1443.76001,1443.76001,10771190000
4/9/2007,1443.77002,1453.109985,1433.910034,1452.849976,1452.849976,13270300000
4/16/2007,1452.839966,1484.73999,1452.839966,1484.349976,1484.349976,15005590000
4/23/2007,1484.329956,1498.02002,1473.73999,1494.069946,1494.069946,14891970000
4/30/2007,1494.069946,1510.339966,1476.699951,1505.619995,1505.619995,15453470000
5/7/2007,1505.569946,1513.800049,1491.420044,1505.849976,1505.849976,14028380000
5/14/2007,1505.76001,1522.75,1498.339966,1522.75,1522.75,14590190000
5/21/2007,1522.75,1532.430054,1505.180054,1515.72998,1515.72998,15091900000
5/28/2007,1515.550049,1540.560059,1510.060059,1536.339966,1536.339966,11814550000
6/4/2007,1536.280029,1540.530029,1487.410034,1507.670044,1507.670044,15174500000
6/11/2007,1507.640015,1538.709961,1492.650024,1532.910034,1532.910034,14879070000
6/18/2007,1532.900024,1537.319946,1500.73999,1502.560059,1502.560059,16086160000
6/25/2007,1502.560059,1517.530029,1484.180054,1503.349976,1503.349976,16256050000
7/2/2007,1504.660034,1532.400024,1504.660034,1530.439941,1530.439941,9274250000
7/9/2007,1530.430054,1555.099976,1506.099976,1552.5,1552.5,15333250000
7/16/2007,1552.5,1555.900024,1529.199951,1534.099976,1534.099976,16317700000
7/23/2007,1534.060059,1547.22998,1458.949951,1458.949951,1458.949951,20758930000
7/30/2007,1458.930054,1488.300049,1432.800049,1433.060059,1433.060059,22551040000
8/6/2007,1433.040039,1503.890015,1427.390015,1453.640015,1453.640015,26711530000
8/13/2007,1453.420044,1466.290039,1370.599976,1445.939941,1445.939941,21881180000
8/20/2007,1445.939941,1479.400024,1430.540039,1479.369995,1479.369995,15268400000
8/27/2007,1479.359985,1481.469971,1432.01001,1473.98999,1473.98999,13622910000
9/3/2007,1473.959961,1496.400024,1449.069946,1453.550049,1453.550049,11408870000
9/10/2007,1453.5,1489.579956,1439.290039,1484.25,1484.25,14255590000
9/17/2007,1484.23999,1538.73999,1471.819946,1525.75,1525.75,16791240000
9/24/2007,1525.75,1533.73999,1507.130005,1526.75,1526.75,15354000000
10/1/2007,1527.290039,1561.910034,1527.25,1557.589966,1557.589966,15058680000
10/8/2007,1556.51001,1576.089966,1546.719971,1561.800049,1561.800049,14717400000
10/15/2007,1562.25,1564.73999,1500.26001,1500.630005,1500.630005,17376100000
10/22/2007,1497.790039,1535.530029,1489.560059,1535.280029,1535.280029,18580330000
10/29/2007,1536.920044,1552.76001,1492.530029,1509.650024,1509.650024,18817530000
11/5/2007,1505.609985,1520.77002,1448.51001,1453.699951,1453.699951,22078420000
11/12/2007,1453.660034,1492.140015,1438.530029,1458.73999,1458.73999,20475180000
11/19/2007,1456.699951,1456.699951,1415.640015,1440.699951,1440.699951,14683750000
11/26/2007,1440.73999,1488.939941,1406.099976,1481.140015,1481.140015,20482140000
12/3/2007,1479.630005,1510.630005,1460.660034,1504.660034,1504.660034,17076810000
12/10/2007,1505.109985,1523.569946,1467.780029,1467.949951,1467.949951,18510280000
12/17/2007,1465.050049,1485.400024,1435.650024,1484.459961,1484.459961,18729500000
12/24/2007,1484.550049,1498.849976,1471.699951,1478.48999,1478.48999,8064200000
12/31/2007,1475.25,1475.829956,1411.189941,1411.630005,1411.630005,13489030000
1/7/2008,1414.069946,1430.280029,1378.699951,1401.02002,1401.02002,23944010000
1/14/2008,1402.910034,1417.890015,1312.51001,1325.189941,1325.189941,25032320000
1/21/2008,1312.939941,1368.560059,1270.050049,1330.609985,1330.609985,20403920000
1/28/2008,1330.699951,1396.02002,1322.26001,1395.420044,1395.420044,22697710000
2/4/2008,1395.380005,1395.380005,1316.75,1331.290039,1331.290039,20177290000
2/11/2008,1331.920044,1369.22998,1320.319946,1349.98999,1349.98999,18722260000
2/18/2008,1355.859985,1367.939941,1327.040039,1353.109985,1353.109985,14753390000
2/25/2008,1352.75,1388.339966,1325.420044,1330.630005,1330.630005,20232420000
3/3/2008,1330.449951,1344.189941,1282.430054,1293.369995,1293.369995,22041330000
3/10/2008,1293.160034,1333.26001,1272.660034,1288.140015,1288.140015,24011740000
3/17/2008,1283.209961,1341.51001,1256.97998,1329.51001,1329.51001,22522410000
3/24/2008,1330.290039,1359.680054,1312.949951,1315.219971,1315.219971,20424700000
3/31/2008,1315.920044,1380.910034,1312.810059,1370.400024,1370.400024,20877750000
4/7/2008,1373.689941,1386.73999,1331.209961,1332.829956,1332.829956,18316890000
4/14/2008,1332.199951,1395.900024,1324.349976,1390.329956,1390.329956,19342880000
4/21/2008,1387.719971,1399.109985,1369.839966,1397.839966,1397.839966,19698890000
4/28/2008,1397.959961,1422.719971,1383.069946,1413.900024,1413.900024,20333020000
5/5/2008,1415.339966,1421.569946,1384.109985,1388.280029,1388.280029,18756220000
5/12/2008,1389.400024,1425.819946,1386.199951,1425.349976,1425.349976,19047660000
5/19/2008,1425.280029,1440.23999,1373.719971,1375.930054,1375.930054,19528620000
5/26/2008,1375.969971,1406.319946,1373.069946,1400.380005,1400.380005,15256170000
6/2/2008,1399.619995,1404.050049,1359.900024,1360.680054,1360.680054,21571790000
6/9/2008,1360.829956,1370.630005,1331.290039,1360.030029,1360.030029,22634280000
6/16/2008,1358.849976,1366.589966,1314.459961,1317.930054,1317.930054,22219040000
6/23/2008,1319.77002,1335.630005,1272,1278.380005,1278.380005,25156600000
6/30/2008,1278.060059,1292.170044,1252.01001,1262.900024,1262.900024,19402300000
7/7/2008,1262.900024,1277.359985,1225.349976,1239.48999,1239.48999,29063160000
7/14/2008,1241.609985,1262.310059,1200.439941,1260.680054,1260.680054,32555620000
7/21/2008,1261.819946,1291.170044,1248.829956,1257.76001,1257.76001,28317240000
7/28/2008,1257.76001,1284.930054,1234.369995,1260.310059,1260.310059,25359450000
8/4/2008,1253.27002,1297.849976,1247.449951,1296.319946,1296.319946,20941200000
8/11/2008,1294.420044,1313.150024,1274.859985,1298.199951,1298.199951,22672020000
8/18/2008,1298.140015,1300.219971,1261.160034,1292.199951,1292.199951,20317740000
8/25/2008,1290.469971,1300.680054,1263.209961,1282.829956,1282.829956,17650180000
9/1/2008,1287.829956,1303.040039,1217.22998,1242.310059,1242.310059,20070120000
9/8/2008,1249.5,1274.420044,1211.540039,1251.699951,1251.699951,34417920000
9/15/2008,1250.920044,1265.119995,1133.5,1255.079956,1255.079956,46641070000
9/22/2008,1255.369995,1255.369995,1179.790039,1213.27002,1213.27002,26635470000
9/29/2008,1209.069946,1209.069946,1098.140015,1099.22998,1099.22998,31026630000
10/6/2008,1097.560059,1097.560059,839.799988,899.219971,899.219971,42016790000
10/13/2008,912.75,1044.310059,865.830017,940.549988,940.549988,36533970000
10/20/2008,943.51001,985.440002,852.849976,876.77002,876.77002,30185400000
10/27/2008,874.280029,984.380005,845.27002,968.75,968.75,32302980000
11/3/2008,968.669983,1007.51001,899.72998,930.98999,930.98999,26484080000
11/10/2008,936.75,951.950012,818.690002,873.289978,873.289978,29064670000
11/17/2008,873.22998,882.289978,741.02002,800.030029,800.030029,36745200000
11/24/2008,801.200012,896.25,801.200012,896.23999,896.23999,23366260000
12/1/2008,888.609985,888.609985,815.690002,876.070007,876.070007,30469750000
12/8/2008,882.710022,918.570007,851.349976,879.72998,879.72998,29662270000
12/15/2008,881.070007,918.849976,857.719971,887.880005,887.880005,29279860000
12/22/2008,887.200012,887.369995,857.090027,872.799988,872.799988,12348420000
12/29/2008,872.369995,934.72998,857.070007,931.799988,931.799988,15172440000
1/5/2009,929.169983,943.849976,888.309998,890.349976,890.349976,25219520000
1/12/2009,890.400024,890.400024,817.039978,850.119995,850.119995,30293780000
1/19/2009,849.640015,849.640015,804.299988,831.950012,831.950012,24519050000
1/26/2009,832.5,877.859985,821.669983,825.880005,825.880005,28010020000
2/2/2009,823.090027,870.75,812.869995,868.599976,868.599976,31088160000
2/9/2009,868.23999,875.01001,808.059998,826.840027,826.840027,30044110000
2/16/2009,818.609985,818.609985,754.25,770.049988,770.049988,25606060000
2/23/2009,773.25,780.119995,734.52002,735.090027,735.090027,37753880000
3/2/2009,729.570007,729.570007,666.789978,683.380005,683.380005,37964220000
3/9/2009,680.76001,758.289978,672.880005,756.549988,756.549988,37297180000
3/16/2009,758.840027,803.23999,749.929993,768.539978,768.539978,39816380000
3/23/2009,772.309998,832.97998,772.309998,815.940002,815.940002,34764100000
3/30/2009,809.070007,845.609985,779.809998,842.5,842.5,31434350000
4/6/2009,839.75,856.909973,814.530029,856.559998,856.559998,24904750000
4/13/2009,855.330017,875.630005,835.580017,869.599976,869.599976,34196510000
4/20/2009,868.27002,871.799988,826.830017,866.22998,866.22998,35415850000
4/27/2009,862.820007,888.700012,847.119995,877.52002,877.52002,30217790000
5/4/2009,879.210022,930.169983,879.210022,929.22998,929.22998,39760120000
5/11/2009,922.98999,922.98999,878.940002,882.880005,882.880005,31688760000
5/18/2009,886.070007,924.599976,879.609985,887,887,31698640000
5/25/2009,887,920.02002,881.460022,919.140015,919.140015,23155250000
6/1/2009,923.26001,951.690002,923.26001,940.090027,940.090027,28312350000
6/8/2009,938.119995,956.22998,926.440002,946.210022,946.210022,24331760000
6/15/2009,942.450012,942.450012,903.780029,921.22998,921.22998,25570130000
6/22/2009,918.130005,922,888.859985,918.900024,918.900024,25599580000
6/29/2009,919.859985,931.919983,896.419983,896.419983,896.419983,16689730000
7/6/2009,894.27002,898.719971,869.320007,879.130005,879.130005,23366910000
7/13/2009,879.570007,943.960022,875.320007,940.380005,940.380005,23927320000
7/20/2009,942.070007,979.789978,940.98999,979.26001,979.26001,25016500000
7/27/2009,978.630005,996.679993,968.650024,987.47998,987.47998,26474660000
8/3/2009,990.219971,1018,990.219971,1010.47998,1010.47998,32139730000
8/10/2009,1008.890015,1013.140015,992.400024,1004.090027,1004.090027,26868820000
8/17/2009,998.179993,1027.589966,978.51001,1026.130005,1026.130005,23323250000
8/24/2009,1026.589966,1039.469971,1016.200012,1028.930054,1028.930054,28722910000
8/31/2009,1025.209961,1028.449951,991.969971,1016.400024,1016.400024,26431300000
9/7/2009,1018.669983,1048.180054,1018.669983,1042.72998,1042.72998,20551690000
9/14/2009,1040.150024,1074.77002,1035,1068.300049,1068.300049,30234840000
9/21/2009,1067.140015,1080.150024,1041.170044,1044.380005,1044.380005,25406510000
9/28/2009,1045.380005,1069.619995,1019.950012,1025.209961,1025.209961,26050400000
10/5/2009,1026.869995,1071.51001,1025.920044,1071.48999,1071.48999,22333550000
10/12/2009,1071.630005,1096.560059,1066.709961,1087.680054,1087.680054,23701850000
10/19/2009,1088.219971,1101.359985,1074.310059,1079.599976,1079.599976,25592330000
10/26/2009,1080.359985,1091.75,1033.380005,1036.189941,1036.189941,30408570000
11/2/2009,1036.180054,1071.47998,1029.380005,1069.300049,1069.300049,26451130000
11/9/2009,1072.310059,1105.369995,1072.310059,1093.47998,1093.47998,21094360000
11/16/2009,1094.130005,1113.689941,1086.810059,1091.380005,1091.380005,20612520000
11/23/2009,1094.859985,1112.380005,1083.73999,1091.48999,1091.48999,12928000000
11/30/2009,1091.069946,1119.130005,1086.25,1105.97998,1105.97998,22677340000
12/7/2009,1105.52002,1110.719971,1085.890015,1106.410034,1106.410034,20754380000
12/14/2009,1107.839966,1116.209961,1093.880005,1102.469971,1102.469971,28364370000
12/21/2009,1105.310059,1126.47998,1105.310059,1126.47998,1126.47998,12053050000
12/28/2009,1127.530029,1130.380005,1114.810059,1115.099976,1115.099976,9561710000
1/4/2010,1116.560059,1145.390015,1116.560059,1144.97998,1144.97998,21115350000
1/11/2010,1145.959961,1150.410034,1131.390015,1136.030029,1136.030029,21816230000
1/18/2010,1136.030029,1150.449951,1090.180054,1091.76001,1091.76001,22618330000
1/25/2010,1092.400024,1103.689941,1071.589966,1073.869995,1073.869995,25397670000
2/1/2010,1073.890015,1104.72998,1044.5,1066.189941,1066.189941,25411190000
2/8/2010,1065.51001,1080.040039,1056.51001,1075.51001,1075.51001,22017080000
2/15/2010,1079.130005,1112.420044,1079.130005,1109.170044,1109.170044,16162900000
2/22/2010,1110,1112.290039,1086.02002,1104.48999,1104.48999,20970170000
3/1/2010,1105.359985,1139.380005,1105.359985,1138.699951,1138.699951,20011650000
3/8/2010,1138.400024,1153.410034,1134.900024,1149.98999,1149.98999,24026590000
3/15/2010,1148.530029,1169.839966,1141.449951,1159.900024,1159.900024,22944000000
3/22/2010,1157.25,1180.689941,1152.880005,1166.589966,1166.589966,23756390000
3/29/2010,1167.709961,1181.430054,1165.77002,1178.099976,1178.099976,16951790000
4/5/2010,1178.709961,1194.660034,1175.119995,1194.369995,1194.369995,22307770000
4/12/2010,1194.939941,1213.920044,1186.77002,1192.130005,1192.130005,29874510000
4/19/2010,1192.060059,1217.280029,1183.680054,1217.280029,1217.280029,29000480000
4/26/2010,1217.069946,1219.800049,1181.619995,1186.689941,1186.689941,31552280000
5/3/2010,1188.579956,1205.130005,1065.790039,1110.880005,1110.880005,38419430000
5/10/2010,1122.27002,1173.569946,1122.27002,1135.680054,1135.680054,28958750000
5/17/2010,1136.52002,1148.660034,1055.900024,1087.689941,1087.689941,32640260000
5/24/2010,1084.780029,1103.52002,1040.780029,1089.410034,1089.410034,27644340000
5/31/2010,1087.300049,1105.670044,1060.5,1064.880005,1064.880005,21474390000
6/7/2010,1065.839966,1092.25,1042.170044,1091.599976,1091.599976,26847570000
6/14/2010,1095,1121.01001,1089.030029,1117.51001,1117.51001,23186040000
6/21/2010,1122.790039,1131.22998,1067.890015,1076.76001,1076.76001,23498560000
6/28/2010,1077.5,1082.599976,1010.909973,1022.580017,1022.580017,25504460000
7/5/2010,1028.089966,1078.160034,1018.349976,1077.959961,1077.959961,17677490000
7/12/2010,1077.22998,1099.459961,1063.319946,1064.880005,1064.880005,22438320000
7/19/2010,1066.849976,1103.72998,1056.880005,1102.660034,1102.660034,22901430000
7/26/2010,1102.890015,1120.949951,1088.01001,1101.599976,1101.599976,21356600000
8/2/2010,1107.530029,1128.75,1107.170044,1121.640015,1121.640015,19817300000
8/9/2010,1122.800049,1129.23999,1076.689941,1079.25,1079.25,20320520000
8/16/2010,1077.48999,1100.140015,1063.910034,1071.689941,1071.689941,18887030000
8/23/2010,1073.359985,1081.579956,1039.699951,1064.589966,1064.589966,19756640000
8/30/2010,1062.900024,1105.099976,1040.880005,1104.51001,1104.51001,18592350000
9/6/2010,1102.599976,1110.880005,1091.150024,1109.550049,1109.550049,12780950000
9/13/2010,1113.380005,1131.469971,1113.380005,1125.589966,1125.589966,19862160000
9/20/2010,1126.569946,1148.900024,1122.790039,1148.670044,1148.670044,19422610000
9/27/2010,1148.640015,1157.160034,1132.089966,1146.23999,1146.23999,20187050000
10/4/2010,1144.959961,1167.72998,1131.869995,1165.150024,1165.150024,19528080000
10/11/2010,1165.319946,1184.380005,1155.709961,1176.189941,1176.189941,22245800000
10/18/2010,1176.829956,1189.430054,1159.709961,1183.079956,1183.079956,22881410000
10/25/2010,1184.73999,1196.140015,1171.699951,1183.26001,1183.26001,20582070000
11/1/2010,1185.709961,1227.079956,1177.650024,1225.849976,1225.849976,23993790000
11/8/2010,1223.23999,1226.839966,1194.079956,1199.209961,1199.209961,21491310000
11/15/2010,1200.439941,1207.430054,1173,1199.72998,1199.72998,20887180000
11/22/2010,1198.069946,1198.939941,1176.910034,1189.400024,1189.400024,12820640000
11/29/2010,1189.079956,1225.569946,1173.640015,1224.709961,1224.709961,21212840000
12/6/2010,1223.869995,1240.400024,1219.5,1240.400024,1240.400024,24175410000
12/13/2010,1242.52002,1246.72998,1232.849976,1243.910034,1243.910034,22270220000
12/20/2010,1245.76001,1259.390015,1241.51001,1256.77002,1256.77002,10828420000
12/27/2010,1254.660034,1262.599976,1251.47998,1257.640015,1257.640015,10455790000
1/3/2011,1257.619995,1278.170044,1257.619995,1271.5,1271.5,23655220000
1/10/2011,1270.839966,1293.23999,1262.180054,1293.23999,1293.23999,21286570000
1/17/2011,1293.219971,1296.060059,1271.26001,1283.349976,1283.349976,19899340000
1/24/2011,1283.290039,1302.670044,1275.099976,1276.339966,1276.339966,23156650000
1/31/2011,1276.5,1311,1276.5,1310.869995,1310.869995,21726860000
2/7/2011,1311.849976,1330.790039,1311.73999,1329.150024,1329.150024,20109950000
2/14/2011,1328.72998,1344.069946,1324.609985,1343.01001,1343.01001,12589110000
2/21/2011,1338.910034,1338.910034,1294.26001,1319.880005,1319.880005,7712050000
2/28/2011,1321.609985,1332.280029,1302.579956,1321.150024,1321.150024,12022480000
3/7/2011,1322.719971,1327.680054,1291.98999,1304.280029,1304.280029,20669090000
3/14/2011,1301.189941,1301.189941,1249.050049,1279.209961,1279.209961,23905220000
3/21/2011,1281.650024,1319.180054,1281.650024,1313.800049,1313.800049,20090110000
3/28/2011,1315.449951,1337.849976,1305.26001,1332.410034,1332.410034,18297330000
4/4/2011,1333.560059,1339.459961,1322.939941,1328.170044,1328.170044,19888170000
4/11/2011,1329.01001,1333.77002,1302.420044,1319.680054,1319.680054,19701690000
4/18/2011,1313.349976,1337.48999,1294.699951,1337.380005,1337.380005,15933560000
4/25/2011,1337.140015,1364.560059,1331.469971,1363.609985,1363.609985,17617650000
5/2/2011,1365.209961,1370.579956,1329.170044,1340.199951,1340.199951,20363720000
5/9/2011,1340.199951,1359.439941,1332.030029,1337.77002,1337.77002,19539110000
5/16/2011,1334.77002,1346.819946,1318.51001,1333.27002,1333.27002,19514380000
5/23/2011,1333.069946,1334.619995,1311.800049,1331.099976,1331.099976,17595530000
5/30/2011,1331.099976,1345.199951,1297.900024,1300.160034,1300.160034,16204530000
6/6/2011,1300.26001,1300.26001,1268.280029,1270.97998,1270.97998,18551800000
6/13/2011,1271.310059,1292.5,1258.069946,1271.5,1271.5,20466010000
6/20/2011,1271.5,1298.609985,1262.869995,1268.449951,1268.449951,19888020000
6/27/2011,1268.439941,1341.01001,1267.530029,1339.670044,1339.670044,19505540000
7/4/2011,1339.589966,1356.47998,1330.920044,1343.800049,1343.800049,14950400000
7/11/2011,1343.310059,1343.310059,1306.51001,1316.140015,1316.140015,20768430000
7/18/2011,1315.939941,1347,1295.920044,1345.02002,1345.02002,20550440000
7/25/2011,1344.319946,1344.319946,1282.859985,1292.280029,1292.280029,21035970000
8/1/2011,1292.589966,1307.380005,1168.089966,1199.380005,1199.380005,26341740000
8/8/2011,1198.47998,1198.47998,1101.540039,1178.810059,1178.810059,19325310000
8/15/2011,1178.859985,1208.469971,1122.050049,1123.530029,1123.530029,22135160000
8/22/2011,1123.550049,1190.680054,1121.089966,1176.800049,1176.800049,26548480000
8/29/2011,1177.910034,1230.709961,1170.560059,1173.969971,1173.969971,23250630000
9/5/2011,1173.969971,1204.400024,1140.130005,1154.22998,1154.22998,18596560000
9/12/2011,1153.5,1220.060059,1136.069946,1216.01001,1216.01001,24565280000
9/19/2011,1214.98999,1220.390015,1114.219971,1136.430054,1136.430054,25641420000
9/26/2011,1136.910034,1195.859985,1131.069946,1131.420044,1131.420044,24801410000
10/3/2011,1131.209961,1171.400024,1074.77002,1155.459961,1155.459961,22574340000
10/10/2011,1158.150024,1224.609985,1158.150024,1224.579956,1224.579956,22779620000
10/17/2011,1224.469971,1239.030029,1191.47998,1238.25,1238.25,23838320000
10/24/2011,1238.719971,1292.660034,1221.060059,1285.089966,1285.089966,24561180000
10/31/2011,1284.959961,1284.959961,1215.420044,1253.22998,1253.22998,22746070000
11/7/2011,1253.209961,1277.550049,1226.640015,1263.849976,1263.849976,19370910000
11/14/2011,1263.849976,1264.25,1209.430054,1215.650024,1215.650024,19328050000
11/21/2011,1215.619995,1215.619995,1158.660034,1158.670044,1158.670044,13424920000
11/28/2011,1158.670044,1260.079956,1158.670044,1244.280029,1244.280029,21678300000
12/5/2011,1244.329956,1267.060059,1231.469971,1255.189941,1255.189941,20171810000
12/12/2011,1255.050049,1255.050049,1209.469971,1219.660034,1219.660034,21176570000
12/19/2011,1219.73999,1265.420044,1202.369995,1265.329956,1265.329956,16400510000
12/26/2011,1265.02002,1269.369995,1248.640015,1257.599976,1257.599976,9030550000
1/2/2012,1258.859985,1284.619995,1258.859985,1277.810059,1277.810059,15509070000
1/9/2012,1277.829956,1296.819946,1274.550049,1289.089966,1289.089966,19273940000
1/16/2012,1290.219971,1315.48999,1290.219971,1315.380005,1315.380005,16485160000
1/23/2012,1315.290039,1333.469971,1306.060059,1316.329956,1316.329956,20404830000
1/30/2012,1316.160034,1345.339966,1300.48999,1344.900024,1344.900024,21128390000
2/6/2012,1344.319946,1354.319946,1335.920044,1342.640015,1342.640015,19306360000
2/13/2012,1343.060059,1363.400024,1340.800049,1361.22998,1361.22998,19414420000
2/20/2012,1361.219971,1368.920044,1352.280029,1365.73999,1365.73999,14720720000
2/27/2012,1365.199951,1378.040039,1354.920044,1369.630005,1369.630005,18913110000
3/5/2012,1369.589966,1374.76001,1340.030029,1370.869995,1370.869995,18383450000
3/12/2012,1370.780029,1405.880005,1366.689941,1404.170044,1404.170044,21406220000
3/19/2012,1404.170044,1414,1386.869995,1397.109985,1397.109985,18414980000
3/26/2012,1397.109985,1419.150024,1391.560059,1408.469971,1408.469971,18492280000
4/2/2012,1408.469971,1422.380005,1392.920044,1398.079956,1398.079956,14636130000
4/9/2012,1397.449951,1397.449951,1357.380005,1370.26001,1370.26001,19093190000
4/16/2012,1370.27002,1392.76001,1365.380005,1378.530029,1378.530029,18507460000
4/23/2012,1378.530029,1406.640015,1358.790039,1403.359985,1403.359985,18950920000
4/30/2012,1403.26001,1415.319946,1367.959961,1369.099976,1369.099976,19165870000
5/7/2012,1368.790039,1373.910034,1343.130005,1353.390015,1353.390015,19706660000
5/14/2012,1351.930054,1351.930054,1291.97998,1295.219971,1295.219971,21259330000
5/21/2012,1295.72998,1328.48999,1295.72998,1317.819946,1317.819946,18829090000
5/28/2012,1318.900024,1334.930054,1277.25,1278.040039,1278.040039,16202900000
6/4/2012,1278.290039,1329.050049,1266.73999,1325.660034,1325.660034,19438880000
6/11/2012,1325.719971,1343.319946,1306.619995,1342.839966,1342.839966,18576250000
6/18/2012,1342.420044,1363.459961,1324.410034,1335.02002,1335.02002,20136440000
6/25/2012,1334.900024,1362.170044,1309.27002,1362.160034,1362.160034,18761520000
7/2/2012,1362.329956,1374.810059,1348.030029,1354.680054,1354.680054,11204700000
7/9/2012,1354.660034,1361.540039,1325.410034,1356.780029,1356.780029,16669120000
7/16/2012,1356.5,1380.390015,1345.069946,1362.660034,1362.660034,18040410000
7/23/2012,1362.339966,1389.189941,1329.23999,1385.969971,1385.969971,20155950000
7/30/2012,1385.939941,1394.160034,1354.650024,1390.98999,1390.98999,19419460000
8/6/2012,1391.040039,1407.140015,1391.040039,1405.869995,1405.869995,15913920000
8/13/2012,1405.869995,1418.709961,1397.319946,1418.160034,1418.160034,14123730000
8/20/2012,1417.849976,1426.680054,1398.040039,1411.130005,1411.130005,14718990000
8/27/2012,1411.130005,1416.170044,1397.01001,1406.579956,1406.579956,13141340000
9/3/2012,1406.540039,1437.920044,1396.560059,1437.920044,1437.920044,14259910000
9/10/2012,1437.920044,1474.51001,1428.97998,1465.77002,1465.77002,20023040000
9/17/2012,1465.420044,1467.069946,1449.97998,1460.150024,1460.150024,18527570000
9/24/2012,1459.76001,1463.23999,1430.530029,1440.670044,1440.670044,16973760000
10/1/2012,1440.900024,1470.959961,1439.01001,1460.930054,1460.930054,17147310000
10/8/2012,1460.930054,1460.930054,1425.530029,1428.589966,1428.589966,15577390000
10/15/2012,1428.75,1464.02002,1427.23999,1433.189941,1433.189941,18463100000
10/22/2012,1433.209961,1435.459961,1403.280029,1411.939941,1411.939941,16987410000
10/29/2012,1410.98999,1434.27002,1405.949951,1414.199951,1414.199951,11239480000
11/5/2012,1414.02002,1433.380005,1373.030029,1379.849976,1379.849976,18011370000
11/12/2012,1379.859985,1388.810059,1343.349976,1359.880005,1359.880005,18107380000
11/19/2012,1359.880005,1409.160034,1359.880005,1409.150024,1409.150024,10754010000
11/26/2012,1409.150024,1419.699951,1385.430054,1416.180054,1416.180054,16954180000
12/3/2012,1416.339966,1423.72998,1398.22998,1418.069946,1418.069946,16930770000
12/10/2012,1418.069946,1438.589966,1411.880005,1413.579956,1413.579956,16918840000
12/17/2012,1413.540039,1448,1413.540039,1430.150024,1430.150024,20543390000
12/24/2012,1430.150024,1430.150024,1401.579956,1402.430054,1402.430054,8790850000
12/31/2012,1402.430054,1467.939941,1398.109985,1466.469971,1466.469971,14660950000
1/7/2013,1466.469971,1472.75,1451.640015,1472.050049,1472.050049,18003450000
1/14/2013,1472.050049,1485.97998,1463.76001,1485.97998,1485.97998,17024890000
1/21/2013,1485.97998,1503.26001,1481.160034,1502.959961,1502.959961,14298680000
1/28/2013,1502.959961,1514.410034,1496.329956,1513.170044,1513.170044,18901190000
2/4/2013,1513.170044,1518.310059,1495.02002,1517.930054,1517.930054,17220660000
2/11/2013,1517.930054,1524.689941,1513.609985,1519.790039,1519.790039,17082600000
2/18/2013,1519.790039,1530.939941,1497.290039,1515.599976,1515.599976,15683400000
2/25/2013,1515.599976,1525.839966,1485.01001,1518.199951,1518.199951,19146110000
3/4/2013,1518.199951,1552.47998,1512.290039,1551.180054,1551.180054,17988980000
3/11/2013,1551.150024,1563.619995,1547.359985,1560.699951,1560.699951,18074930000
3/18/2013,1560.699951,1561.560059,1538.569946,1556.890015,1556.890015,16501510000
3/25/2013,1556.890015,1570.280029,1546.219971,1569.189941,1569.189941,12266080000
4/1/2013,1569.180054,1573.660034,1539.5,1553.280029,1553.280029,16991960000
4/8/2013,1553.26001,1597.349976,1548.630005,1588.849976,1588.849976,16193490000
4/15/2013,1588.839966,1588.839966,1536.030029,1555.25,1555.25,20025810000
4/22/2013,1555.25,1592.640015,1548.189941,1582.23999,1582.23999,17250470000
4/29/2013,1582.339966,1618.459961,1581.280029,1614.420044,1614.420044,17137450000
5/6/2013,1614.400024,1635.01001,1614.209961,1633.699951,1633.699951,16470390000
5/13/2013,1632.099976,1667.469971,1626.73999,1667.469971,1667.469971,16979670000
5/20/2013,1665.709961,1687.180054,1635.530029,1649.599976,1649.599976,17853250000
5/27/2013,1652.630005,1674.209961,1630.73999,1630.73999,1630.73999,14642760000
6/3/2013,1631.709961,1646.530029,1598.22998,1643.380005,1643.380005,18157630000
6/10/2013,1644.670044,1648.689941,1608.069946,1626.72998,1626.72998,15935010000
6/17/2013,1630.640015,1654.189941,1577.699951,1592.430054,1592.430054,20459250000
6/24/2013,1588.77002,1620.069946,1560.329956,1606.280029,1606.280029,20394900000
7/1/2013,1609.780029,1632.069946,1604.569946,1631.890015,1631.890015,11022010000
7/8/2013,1634.199951,1680.189941,1634.199951,1680.189941,1680.189941,16166370000
7/15/2013,1679.589966,1693.119995,1671.839966,1692.089966,1692.089966,15613300000
7/22/2013,1694.410034,1698.780029,1676.030029,1691.650024,1691.650024,15296700000
7/29/2013,1690.319946,1709.670044,1681.859985,1709.670044,1709.670044,16920240000
8/5/2013,1708.01001,1709.23999,1684.910034,1691.420044,1691.420044,14910070000
8/12/2013,1688.369995,1696.810059,1652.609985,1655.829956,1655.829956,15334290000
8/19/2013,1655.25,1664.849976,1639.430054,1663.5,1663.5,13950930000
8/26/2013,1664.290039,1669.51001,1627.469971,1632.969971,1632.969971,13695720000
9/2/2013,1635.949951,1664.829956,1633.410034,1655.170044,1655.170044,13124750000
9/9/2013,1656.849976,1689.969971,1656.849976,1687.98999,1687.98999,15772830000
9/16/2013,1691.699951,1729.859985,1691.699951,1709.910034,1709.910034,18657960000
9/23/2013,1711.439941,1711.439941,1687.109985,1691.75,1691.75,15310240000
9/30/2013,1687.26001,1696.550049,1670.359985,1690.5,1690.5,15855840000
10/7/2013,1687.150024,1703.439941,1646.469971,1703.199951,1703.199951,16132530000
10/14/2013,1699.859985,1745.310059,1692.130005,1744.5,1744.5,16512980000
10/21/2013,1745.199951,1759.819946,1740.5,1759.77002,1759.77002,17464350000
10/28/2013,1759.420044,1775.219971,1752.699951,1761.640015,1761.640015,17676620000
11/4/2013,1763.400024,1774.540039,1746.199951,1770.609985,1770.609985,18014020000
11/11/2013,1769.959961,1798.219971,1760.640015,1798.180054,1798.180054,15476450000
11/18/2013,1798.819946,1804.839966,1777.22998,1804.76001,1804.76001,15813880000
11/25/2013,1806.329956,1813.550049,1800.579956,1805.810059,1805.810059,10637550000
12/2/2013,1806.550049,1810.02002,1779.089966,1805.089966,1805.089966,16668560000
12/9/2013,1806.209961,1811.52002,1772.280029,1775.319946,1775.319946,16086600000
12/16/2013,1777.47998,1823.75,1767.98999,1818.319946,1818.319946,19402600000
12/23/2013,1822.920044,1844.890015,1822.920044,1841.400024,1841.400024,8194360000
12/30/2013,1841.469971,1849.439941,1827.73999,1831.369995,1831.369995,10461570000
1/6/2014,1832.310059,1843.22998,1823.72998,1842.369995,1842.369995,17375600000
1/13/2014,1841.26001,1850.839966,1815.52002,1838.699951,1838.699951,17839850000
1/20/2014,1841.050049,1849.310059,1790.290039,1790.290039,1790.290039,15747340000
1/27/2014,1791.030029,1798.77002,1770.449951,1782.589966,1782.589966,19054250000
2/3/2014,1782.680054,1798.030029,1737.920044,1797.02002,1797.02002,20380140000
2/10/2014,1796.199951,1841.650024,1791.829956,1838.630005,1838.630005,16742180000
2/17/2014,1839.030029,1847.5,1824.579956,1836.25,1836.25,13891540000
2/24/2014,1836.780029,1867.920044,1836.780029,1859.449951,1859.449951,18711730000
3/3/2014,1857.680054,1883.569946,1834.439941,1878.040039,1878.040039,17512170000
3/10/2014,1877.859985,1882.349976,1839.569946,1841.130005,1841.130005,16641060000
3/17/2014,1842.810059,1883.969971,1842.810059,1866.52002,1866.52002,17678140000
3/24/2014,1867.670044,1875.920044,1842.109985,1857.619995,1857.619995,16779360000
3/31/2014,1859.160034,1897.280029,1859.160034,1865.089966,1865.089966,16381500000
4/7/2014,1863.920044,1872.530029,1814.359985,1815.689941,1815.689941,18333880000
4/14/2014,1818.180054,1869.630005,1815.800049,1864.849976,1864.849976,13344490000
4/21/2014,1865.790039,1884.890015,1859.699951,1863.400024,1863.400024,15348510000
4/28/2014,1865,1891.329956,1850.609985,1881.140015,1881.140015,18038030000
5/5/2014,1879.449951,1889.069946,1859.790039,1878.47998,1878.47998,16112380000
5/12/2014,1880.030029,1902.170044,1862.359985,1877.859985,1877.859985,15469770000
5/19/2014,1876.660034,1901.26001,1868.140015,1900.530029,1900.530029,13605170000
5/26/2014,1902.01001,1924.030029,1902.01001,1923.569946,1923.569946,11860010000
6/2/2014,1923.869995,1949.439941,1915.97998,1949.439941,1949.439941,14147690000
6/9/2014,1948.969971,1955.550049,1925.780029,1936.160034,1936.160034,13863870000
6/16/2014,1934.839966,1963.910034,1930.910034,1962.869995,1962.869995,16251000000
6/23/2014,1962.920044,1968.170044,1944.689941,1960.959961,1960.959961,15983470000
6/30/2014,1960.790039,1985.589966,1958.219971,1985.439941,1985.439941,11075160000
7/7/2014,1984.219971,1984.219971,1952.859985,1967.569946,1967.569946,14692810000
7/14/2014,1969.859985,1983.939941,1955.589966,1978.219971,1978.219971,15952350000
7/21/2014,1976.930054,1991.390015,1965.77002,1978.339966,1978.339966,14213850000
7/28/2014,1978.25,1984.849976,1916.369995,1925.150024,1925.150024,17417530000
8/4/2014,1926.619995,1942.920044,1904.780029,1931.589966,1931.589966,16207390000
8/11/2014,1933.430054,1964.040039,1928.290039,1955.060059,1955.060059,13747450000
8/18/2014,1958.359985,1994.76001,1958.359985,1988.400024,1988.400024,12814930000
8/25/2014,1991.73999,2005.040039,1990.52002,2003.369995,2003.369995,11571710000
9/1/2014,2004.069946,2011.170044,1990.099976,2007.709961,2007.709961,11520670000
9/8/2014,2007.170044,2007.170044,1980.26001,1985.540039,1985.540039,14732610000
9/15/2014,1986.040039,2019.26001,1978.47998,2010.400024,2010.400024,17261820000
9/22/2014,2009.079956,2009.079956,1965.98999,1982.849976,1982.849976,16145360000
9/29/2014,1978.959961,1985.170044,1926.030029,1967.900024,1967.900024,18807610000
10/6/2014,1970.01001,1977.839966,1906.050049,1906.130005,1906.130005,20382540000
10/13/2014,1905.650024,1912.089966,1820.660034,1886.76001,1886.76001,24810660000
10/20/2014,1885.619995,1965.27002,1882.300049,1964.579956,1964.579956,17947860000
10/27/2014,1962.969971,2018.189941,1951.369995,2018.050049,2018.050049,18810910000
11/3/2014,2018.209961,2034.26001,2001.01001,2031.920044,2031.920044,18652340000
11/10/2014,2032.01001,2046.180054,2030.170044,2039.819946,2039.819946,16172310000
11/17/2014,2038.290039,2071.459961,2034.459961,2063.5,2063.5,17004640000
11/24/2014,2065.070068,2075.76001,2064.75,2067.560059,2067.560059,11770900000
12/1/2014,2065.780029,2079.469971,2049.570068,2075.370117,2075.370117,18286300000
12/8/2014,2074.840088,2075.780029,2002.329956,2002.329956,2002.329956,19961180000
12/15/2014,2005.030029,2077.850098,1972.560059,2070.649902,2070.649902,25431950000
12/22/2014,2069.280029,2092.699951,2069.280029,2088.77002,2088.77002,9565680000
12/29/2014,2087.629883,2093.550049,2046.040039,2058.199951,2058.199951,10207410000
1/5/2015,2054.439941,2064.429932,1992.439941,2044.810059,2044.810059,19362860000
1/12/2015,2046.130005,2056.929932,1988.119995,2019.420044,2019.420044,20275570000
1/19/2015,2020.76001,2064.620117,2004.48999,2051.820068,2051.820068,15424020000
1/26/2015,2050.419922,2057.620117,1989.180054,1994.98999,1994.98999,19558890000
2/2/2015,1996.670044,2072.399902,1980.900024,2055.469971,2055.469971,20821110000
2/9/2015,2053.469971,2097.030029,2041.880005,2096.98999,2096.98999,18132050000
2/16/2015,2096.469971,2110.610107,2085.439941,2110.300049,2110.300049,13260470000
2/23/2015,2109.830078,2119.590088,2103,2104.5,2104.5,16561930000
3/2/2015,2105.22998,2117.52002,2067.27002,2071.26001,2071.26001,17049500000
3/9/2015,2072.25,2083.48999,2039.689941,2053.399902,2053.399902,17328980000
3/16/2015,2055.350098,2113.919922,2055.350098,2108.100098,2108.100098,19504990000
3/23/2015,2107.98999,2114.860107,2045.5,2061.02002,2061.02002,16498140000
3/30/2015,2064.110107,2088.969971,2048.379883,2066.959961,2066.959961,12933470000
4/6/2015,2064.870117,2102.610107,2056.52002,2102.060059,2102.060059,15962370000
4/13/2015,2102.030029,2111.909912,2072.370117,2081.179932,2081.179932,17285170000
4/20/2015,2084.110107,2120.919922,2084.110107,2117.689941,2117.689941,16604500000
4/27/2015,2119.290039,2125.919922,2077.590088,2108.290039,2108.290039,18949060000
5/4/2015,2110.22998,2120.949951,2067.929932,2116.100098,2116.100098,17753820000
5/11/2015,2115.560059,2123.889893,2085.570068,2122.72998,2122.72998,15824270000
5/18/2015,2121.300049,2134.719971,2120.01001,2126.060059,2126.060059,14852420000
5/25/2015,2125.340088,2126.219971,2099.179932,2107.389893,2107.389893,13377830000
6/1/2015,2108.639893,2121.919922,2085.669922,2092.830078,2092.830078,15604780000
6/8/2015,2092.340088,2115.02002,2072.139893,2094.110107,2094.110107,15214050000
6/15/2015,2091.340088,2126.649902,2072.48999,2109.98999,2109.98999,17173880000
6/22/2015,2112.5,2129.870117,2095.379883,2101.48999,2101.48999,17463770000
6/29/2015,2098.629883,2098.629883,2056.320068,2076.780029,2076.780029,14481300000
7/6/2015,2073.949951,2083.73999,2044.02002,2076.620117,2076.620117,18065680000
7/13/2015,2080.030029,2128.909912,2080.030029,2126.639893,2126.639893,15950490000
7/20/2015,2126.850098,2132.820068,2077.090088,2079.649902,2079.649902,17926480000
7/27/2015,2078.189941,2114.23999,2063.52002,2103.840088,2103.840088,19254140000
8/3/2015,2104.48999,2112.659912,2067.909912,2077.570068,2077.570068,18841050000
8/10/2015,2080.97998,2105.350098,2052.090088,2091.540039,2091.540039,17509360000
8/17/2015,2089.699951,2103.469971,1970.890015,1970.890015,1970.890015,18271310000
8/24/2015,1965.150024,1993.47998,1867.01001,1988.869995,1988.869995,26089970000
8/31/2015,1986.72998,1986.72998,1903.069946,1921.219971,1921.219971,18717360000
9/7/2015,1927.300049,1988.630005,1927.300049,1961.050049,1961.050049,14045680000
9/14/2015,1963.060059,2020.859985,1948.27002,1958.030029,1958.030029,20075770000
9/21/2015,1960.839966,1979.640015,1908.920044,1931.339966,1931.339966,18081540000
9/28/2015,1929.180054,1951.359985,1871.910034,1951.359985,1951.359985,21346290000
10/5/2015,1954.329956,2020.130005,1954.329956,2014.890015,2014.890015,20849400000
10/12/2015,2015.650024,2033.540039,1990.72998,2033.109985,2033.109985,17281480000
10/19/2015,2031.72998,2079.73999,2017.219971,2075.149902,2075.149902,18785920000
10/26/2015,2075.080078,2094.320068,2058.840088,2079.360107,2079.360107,20565930000
11/2/2015,2080.76001,2116.47998,2080.76001,2099.199951,2099.199951,20531860000
11/9/2015,2096.560059,2096.560059,2022.02002,2023.040039,2023.040039,19691320000
11/16/2015,2022.079956,2097.060059,2019.390015,2089.169922,2089.169922,19652690000
11/23/2015,2089.409912,2095.610107,2070.290039,2090.110107,2090.110107,11792690000
11/30/2015,2090.949951,2104.27002,2042.349976,2091.689941,2091.689941,20459190000
12/7/2015,2090.419922,2090.419922,2008.800049,2012.369995,2012.369995,20618850000
12/14/2015,2013.369995,2076.719971,1993.26001,2005.550049,2005.550049,24611890000
12/21/2015,2010.27002,2067.360107,2005.930054,2060.98999,2060.98999,12177090000
12/28/2015,2057.77002,2081.560059,2043.619995,2043.939941,2043.939941,10057270000
1/4/2016,2038.199951,2038.199951,1918.459961,1922.030029,1922.030029,22089690000
1/11/2016,1926.119995,1950.329956,1857.829956,1880.329956,1880.329956,25291150000
1/18/2016,1888.660034,1908.849976,1812.290039,1906.900024,1906.900024,21324990000
1/25/2016,1906.280029,1940.23999,1872.699951,1940.23999,1940.23999,23703940000
2/1/2016,1936.939941,1947.199951,1872.22998,1880.050049,1880.050049,24081930000
2/8/2016,1873.25,1881.599976,1810.099976,1864.780029,1864.780029,25488570000
2/15/2016,1871.439941,1930.680054,1871.439941,1917.780029,1917.780029,18161550000
2/22/2016,1924.439941,1962.959961,1891,1948.050049,1948.050049,20729330000
2/29/2016,1947.130005,2009.130005,1931.810059,1999.98999,1999.98999,25206170000
3/7/2016,1996.109985,2022.369995,1969.25,2022.189941,2022.189941,22103360000
3/14/2016,2019.27002,2052.360107,2005.22998,2049.580078,2049.580078,22138770000
3/21/2016,2047.880005,2056.600098,2022.48999,2035.939941,2035.939941,13842290000
3/28/2016,2037.890015,2075.070068,2028.310059,2072.780029,2072.780029,17687000000
4/4/2016,2073.189941,2074.02002,2033.800049,2047.599976,2047.599976,18552210000
4/11/2016,2050.22998,2087.840088,2039.73999,2080.72998,2080.72998,19466730000
4/18/2016,2078.830078,2111.050049,2073.649902,2091.580078,2091.580078,19364460000
4/25/2016,2089.370117,2099.889893,2052.280029,2065.300049,2065.300049,19991600000
5/2/2016,2067.169922,2083.419922,2039.449951,2057.139893,2057.139893,19877940000
5/9/2016,2057.550049,2084.870117,2043.130005,2046.609985,2046.609985,18573070000
5/16/2016,2046.530029,2071.879883,2025.910034,2052.320068,2052.320068,19066060000
5/23/2016,2052.22998,2099.060059,2047.26001,2099.060059,2099.060059,16852120000
5/30/2016,2100.129883,2105.26001,2085.100098,2099.129883,2099.129883,15300080000
6/6/2016,2100.830078,2120.550049,2089.959961,2096.070068,2096.070068,17344140000
6/13/2016,2091.75,2098.120117,2050.370117,2071.219971,2071.219971,19277430000
6/20/2016,2075.580078,2113.320068,2032.569946,2037.410034,2037.410034,20763870000
6/27/2016,2031.449951,2108.709961,1991.680054,2102.949951,2102.949951,22140480000
7/4/2016,2095.050049,2131.709961,2074.02002,2129.899902,2129.899902,14779810000
7/11/2016,2131.719971,2169.050049,2131.719971,2161.73999,2161.73999,17441690000
7/18/2016,2162.040039,2175.629883,2159.01001,2175.030029,2175.030029,15651690000
7/25/2016,2173.709961,2177.090088,2159.070068,2173.600098,2173.600098,18198170000
8/1/2016,2173.149902,2182.870117,2147.580078,2182.870117,2182.870117,18513540000
8/8/2016,2183.76001,2188.449951,2172,2184.050049,2184.050049,16340620000
8/15/2016,2186.080078,2193.810059,2168.5,2183.870117,2183.870117,16049210000
8/22/2016,2181.580078,2193.419922,2160.389893,2169.040039,2169.040039,15278970000
8/29/2016,2170.189941,2184.870117,2157.090088,2179.97998,2179.97998,15911210000
9/5/2016,2181.610107,2187.870117,2127.810059,2127.810059,2127.810059,14728870000
9/12/2016,2120.860107,2163.300049,2119.120117,2139.159912,2139.159912,20204330000
9/19/2016,2143.98999,2179.98999,2135.909912,2164.689941,2164.689941,16885840000
9/26/2016,2158.540039,2175.300049,2141.550049,2168.27002,2168.27002,18967960000
10/3/2016,2164.330078,2165.860107,2144.01001,2153.73999,2153.73999,17876430000
10/10/2016,2160.389893,2169.600098,2114.719971,2132.97998,2132.97998,16140520000
10/17/2016,2132.949951,2148.439941,2124.429932,2141.159912,2141.159912,16149080000
10/24/2016,2148.5,2154.790039,2119.360107,2126.409912,2126.409912,19108200000
10/31/2016,2129.780029,2133.25,2083.790039,2085.179932,2085.179932,20427740000
11/7/2016,2100.590088,2182.300049,2100.590088,2164.449951,2164.449951,25356830000
11/14/2016,2165.639893,2189.889893,2156.080078,2181.899902,2181.899902,21123210000
11/21/2016,2186.429932,2213.350098,2186.429932,2213.350098,2213.350098,12568190000
11/28/2016,2210.209961,2214.100098,2187.439941,2191.949951,2191.949951,21589430000
12/5/2016,2200.649902,2259.800049,2199.969971,2259.530029,2259.530029,20337430000
12/12/2016,2258.830078,2277.530029,2248.439941,2258.070068,2258.070068,22387610000
12/19/2016,2259.23999,2272.560059,2256.080078,2263.790039,2263.790039,14296250000
12/26/2016,2266.22998,2273.820068,2233.620117,2238.830078,2238.830078,9386710000
1/2/2017,2251.570068,2282.100098,2245.129883,2276.97998,2276.97998,14637130000
1/9/2017,2273.590088,2279.27002,2254.25,2274.639893,2274.639893,17020210000
1/16/2017,2269.139893,2276.959961,2258.409912,2271.310059,2271.310059,13591180000
1/23/2017,2267.780029,2300.98999,2257.02002,2294.689941,2294.689941,17555940000
1/30/2017,2286.01001,2298.310059,2267.209961,2297.419922,2297.419922,19001010000
2/6/2017,2294.280029,2319.22998,2285.379883,2316.100098,2316.100098,17320440000
2/13/2017,2321.719971,2351.310059,2321.419922,2351.159912,2351.159912,17831660000
2/20/2017,2354.909912,2368.26001,2352.870117,2367.340088,2367.340088,14895280000
2/27/2017,2365.22998,2400.97998,2358.959961,2383.120117,2383.120117,19514510000
3/6/2017,2375.22998,2378.800049,2354.540039,2372.600098,2372.600098,17712480000
3/13/2017,2371.560059,2390.01001,2358.179932,2378.25,2378.25,18757070000
3/20/2017,2378.23999,2381.929932,2335.73999,2343.97998,2343.97998,17128980000
3/27/2017,2329.110107,2370.419922,2322.25,2362.719971,2362.719971,16227480000
4/3/2017,2362.340088,2378.360107,2344.72998,2355.540039,2355.540039,16648230000
4/10/2017,2357.159912,2366.370117,2328.949951,2328.949951,2328.949951,12243670000
4/17/2017,2332.620117,2361.370117,2332.51001,2348.689941,2348.689941,16765230000
4/24/2017,2370.330078,2398.159912,2369.189941,2384.199951,2384.199951,19608540000
5/1/2017,2388.5,2399.290039,2379.75,2399.290039,2399.290039,18809590000
5/8/2017,2399.939941,2403.870117,2381.73999,2390.899902,2390.899902,17759610000
5/15/2017,2393.97998,2405.77002,2352.719971,2381.72998,2381.72998,19201970000
5/22/2017,2387.209961,2418.709961,2386.919922,2415.820068,2415.820068,16116730000
5/29/2017,2411.669922,2440.22998,2403.590088,2439.070068,2439.070068,15038090000
6/5/2017,2437.830078,2446.199951,2415.699951,2431.77002,2431.77002,17598940000
6/12/2017,2425.879883,2443.75,2418.530029,2433.149902,2433.149902,19496610000
6/19/2017,2442.550049,2453.820068,2430.73999,2438.300049,2438.300049,19022570000
6/26/2017,2443.320068,2450.419922,2405.699951,2423.409912,2423.409912,17565550000
7/3/2017,2431.389893,2439.169922,2407.699951,2425.179932,2425.179932,11595360000
7/10/2017,2424.51001,2463.540039,2412.790039,2459.27002,2459.27002,15081810000
7/17/2017,2459.5,2477.620117,2450.340088,2472.540039,2472.540039,15057410000
7/24/2017,2472.040039,2484.040039,2459.929932,2472.100098,2472.100098,17965610000
7/31/2017,2475.939941,2480.379883,2466.47998,2476.830078,2476.830078,17288810000
8/7/2017,2477.139893,2490.870117,2437.75,2441.320068,2441.320068,16365480000
8/14/2017,2454.959961,2474.929932,2420.689941,2425.550049,2425.550049,15247600000
8/21/2017,2425.5,2454.77002,2417.350098,2443.050049,2443.050049,13786300000
8/28/2017,2447.350098,2480.379883,2428.199951,2476.550049,2476.550049,14107780000
9/4/2017,2470.350098,2471.969971,2446.550049,2461.429932,2461.429932,13521090000
9/11/2017,2474.52002,2500.22998,2474.52002,2500.22998,2500.22998,18158360000
9/18/2017,2502.51001,2508.850098,2496.540039,2502.219971,2502.219971,15770230000
9/25/2017,2499.389893,2519.439941,2488.030029,2519.360107,2519.360107,16177570000
10/2/2017,2521.199951,2552.51001,2520.399902,2549.330078,2549.330078,15215390000
10/9/2017,2551.389893,2557.649902,2541.600098,2553.169922,2553.169922,14721510000
10/16/2017,2555.570068,2575.439941,2547.919922,2575.209961,2575.209961,15178860000
10/23/2017,2578.080078,2582.97998,2544,2581.070068,2581.070068,18269710000
10/30/2017,2577.75,2588.419922,2566.169922,2587.840088,2587.840088,18915260000
11/6/2017,2587.469971,2597.02002,2566.330078,2582.300049,2582.300049,18566610000
11/13/2017,2576.530029,2590.090088,2557.449951,2578.850098,2578.850098,17216450000
11/20/2017,2579.48999,2604.209961,2578.23999,2602.419922,2602.419922,10448990000
11/27/2017,2602.659912,2657.73999,2598.870117,2642.219971,2642.219971,19454370000
12/4/2017,2657.189941,2665.189941,2624.75,2651.5,2651.5,17189740000
12/11/2017,2652.189941,2679.629883,2651.469971,2675.810059,2675.810059,19343950000
12/18/2017,2685.919922,2694.969971,2676.110107,2683.340088,2683.340088,16007500000
12/25/2017,2679.090088,2692.120117,2673.610107,2673.610107,2673.610107,8767680000
1/1/2018,2683.72998,2743.449951,2682.360107,2743.149902,2743.149902,13837790000
1/8/2018,2742.669922,2787.850098,2736.060059,2786.23999,2786.23999,17487770000
1/15/2018,2798.959961,2810.330078,2768.639893,2810.300049,2810.300049,15424920000
1/22/2018,2809.159912,2872.870117,2808.120117,2872.870117,2872.870117,18283880000
1/29/2018,2867.22998,2870.620117,2759.969971,2762.129883,2762.129883,20065340000
